Size,Coffee_Type,Milk_Type,Flavor,Shots,Temperature,Cup_Quality,Price
Large,Liberica,Soy,Vanilla,1.0,83.74674607774111,5,17.677675982610708
,Liberica,Whole,,3.0,73.53882339087765,4,15.693618340997247
Large,Liberica,None,Caramel,1.0,65.50326589210303,bad,12.034513120837392
Large,Liberica,Whole,Caramel,,85.64922058684422,4,17.249097236757272
,Arabica,None,None,3.0,86.47679630317042,1,12.251512872414645
Small,Liberica,Almond,,1.0,73.98929268420511,4,15.238162867852369
Large,Robusta,None,,1.0,62.27099181929363,3,13.02356066735552
Medium,Robusta,Almond,Mocha,2.0,71.63478269750794,2,13.34586002094498
Large,Liberica,Whole,Caramel,3.0,84.1061297838781,4,18.14460029600392
Large,Liberica,Almond,None,2.0,87.05322085638686,1,13.2205855582619
Large,Robusta,Whole,,1.0,66.10418227492788,2,11.540049681177857
Large,Robusta,Soy,Hazelnut,1.0,62.009208360758144,1,11.357638769035537
Small,Arabica,Soy,Caramel,3.0,86.32051359398517,5,18.0963227471397
Large,Robusta,Soy,Mocha,1.0,71.68214816936626,3,14.404567311388101
Medium,Robusta,Almond,,3.0,76.2528289280269,5,17.66905161717647
Small,Liberica,Soy,Vanilla,2.0,89.04197436152276,3,15.452237407998775
,Robusta,None,Caramel,3.0,61.99694183742668,bad,14.919401806161936
Medium,Arabica,Whole,Vanilla,3.0,79.44954022356286,2,14.405379714079912
Medium,Robusta,Whole,Vanilla,1.0,62.22316267724601,4,14.094760970101998
Medium,Liberica,None,Mocha,1.0,71.26406785399502,3,13.143161374240972
,Liberica,Almond,Hazelnut,3.0,84.1144363558034,3,15.681212888269767
Small,Robusta,Almond,Caramel,1.0,73.00416698266903,3,13.032600966369818
Medium,Liberica,Whole,,1.0,89.91547061708852,1,12.9296708974923
Medium,Arabica,,Caramel,1.0,76.77177854839806,2,13.368518492116937
Small,Arabica,Almond,Hazelnut,3.0,69.63486457907861,4,15.766875761057538
Small,Robusta,,Hazelnut,1.0,66.6033397771426,4,14.316031325123836
,Robusta,None,,3.0,70.51561602858486,5,15.547101546114876
Large,Robusta,None,Hazelnut,1.0,71.17599821278652,3,13.879822712763572
Large,Liberica,Soy,Mocha,2.0,62.06141033171883,3,14.04709280965224
Large,Arabica,Almond,,1.0,71.08722598280319,3,14.461898254176441
Medium,Arabica,Almond,None,1.0,73.92715559217675,4,14.46953820173558
Large,Liberica,None,Mocha,3.0,unknown,5,18.428142794283882
Medium,Arabica,Almond,Caramel,3.0,79.70188454164824,1,13.556675428355755
Medium,Robusta,,Vanilla,1.0,81.26296965687463,2,13.343276907894792
Large,Robusta,,Hazelnut,2.0,60.25091045630571,1,11.165231168054687
Medium,Robusta,,Vanilla,1.0,66.53002198741608,4,15.015933087636117
Large,Arabica,None,Caramel,1.0,unknown,3,14.664184306602191
Large,Robusta,Almond,None,2.0,74.51968104539242,2,13.530629514540307
Small,Liberica,Soy,None,3.0,60.15940427005038,4,13.66832901027276
,Liberica,,None,1.0,84.13483927295468,4,15.749734159815878
Small,Arabica,Whole,Hazelnut,3.0,83.18428719871012,4,16.910483044867473
Large,Liberica,Whole,Mocha,3.0,76.45257488980688,2,14.684225957034718
Large,Liberica,None,,2.0,61.99389977328816,2,12.095450913387046
Small,Arabica,Whole,Vanilla,2.0,82.99545148597754,5,17.240817502862843
Small,Robusta,Whole,Hazelnut,3.0,77.51140763194093,5,17.743579950937622
Large,Robusta,Whole,,1.0,83.45879931473877,1,12.535607084376784
Medium,Robusta,Soy,None,3.0,82.5524097718752,2,14.347638415001889
Small,Arabica,Whole,Caramel,1.0,84.09006215873512,2,13.261603821870988
Medium,Liberica,Whole,Caramel,,75.54024199213875,2,13.104004247098617
,Robusta,Whole,None,2.0,64.20973554580544,5,15.376827122223851
Medium,Robusta,Soy,None,1.0,80.13472420139067,4,15.12329027420162
Small,Arabica,None,Hazelnut,1.0,78.61421355155912,3,13.825125556115687
Medium,Robusta,Almond,Mocha,3.0,82.26759561597262,5,18.328420228909202
Small,Arabica,Whole,Caramel,2.0,65.09643018152207,2,11.78306696317525
,Liberica,None,Mocha,1.0,65.84925599700868,5,15.322791261159344
Large,Arabica,Whole,Hazelnut,1.0,unknown,1,13.630677406334012
Large,Arabica,Soy,None,2.0,82.49933395356213,2,13.91208690234079
Small,Arabica,None,Mocha,3.0,87.24685466100969,1,13.335482620337544
Large,Arabica,Soy,None,2.0,82.76145963491763,2,14.290547219151858
Large,Liberica,Whole,None,2.0,77.91465917970905,5,17.050520230848726
,Liberica,Whole,Vanilla,1.0,79.62398211083621,4,15.354881251793786
Small,Robusta,Soy,Mocha,1.0,86.6738377182003,3,14.938402856003744
Medium,Liberica,Almond,Mocha,3.0,77.36420263535821,1,13.147231520763588
,Liberica,Soy,None,1.0,78.97173972985162,5,16.419802064395768
Medium,Robusta,Whole,,1.0,64.69430148010802,4,14.396806815779689
Medium,Liberica,,Vanilla,,74.21763660348309,5,16.520272288199305
,Arabica,Almond,None,1.0,81.49191335874298,bad,11.871521948214065
Medium,Arabica,Soy,Caramel,3.0,68.12828094949096,3,14.451704272735434
,Robusta,Almond,Caramel,2.0,66.06762541573605,5,16.433494746528417
Small,Robusta,Almond,Vanilla,3.0,69.41480424673247,2,12.801840489751038
Large,Robusta,Soy,Hazelnut,2.0,67.245018839785,4,16.160236818653015
Medium,Arabica,Soy,None,1.0,66.44737911109188,5,14.762409800978837
Medium,Liberica,None,Mocha,2.0,72.74552528604261,4,15.536786028164785
Medium,Arabica,Whole,Vanilla,2.0,87.23515541650602,2,14.478651747474983
Medium,Robusta,,Hazelnut,1.0,75.21178940216154,3,14.693095914684866
Medium,Liberica,None,Mocha,1.0,65.63761142445969,3,12.879721439257715
Medium,Liberica,Soy,Caramel,3.0,62.309150081426225,2,12.958826115347716
Large,Arabica,Whole,Caramel,3.0,80.88468435413776,4,17.310996042503216
Large,Robusta,None,,1.0,71.48396293309163,5,16.128672208273603
Medium,Arabica,Almond,Vanilla,1.0,84.65492839756078,2,14.249593697210292
Large,Liberica,None,Caramel,1.0,79.7853230592231,1,12.255836176745882
Small,Arabica,Almond,None,2.0,83.88724351624106,4,15.833036046348948
Medium,Arabica,Soy,Mocha,2.0,68.15838118255346,3,14.362788501064305
Small,Robusta,Whole,,2.0,80.77076767383174,2,13.370685718964287
Small,Robusta,Whole,Caramel,1.0,67.92185954081157,3,13.011284133609008
Medium,Liberica,Whole,Vanilla,3.0,88.17205438350875,4,17.399226487058296
,Arabica,Soy,None,1.0,79.09122844600122,3,14.482688973471248
Small,Arabica,Almond,Vanilla,2.0,69.73535400526026,2,12.487991193602884
Medium,Arabica,Soy,Hazelnut,2.0,68.08535586876818,4,15.108491214587433
Small,Liberica,Whole,,1.0,65.7277975521493,1,10.317012346650845
Small,Liberica,Soy,Caramel,1.0,80.83922876681183,2,13.354137455163812
Small,Robusta,Soy,Caramel,2.0,unknown,5,15.93338507671074
Small,Robusta,Soy,Caramel,2.0,77.85909797782467,bad,13.27338188231702
Large,Robusta,Almond,Hazelnut,2.0,67.93905080776072,4,16.04252977247865
,Arabica,None,Vanilla,1.0,79.85906834381606,2,12.327058333254314
Small,Arabica,None,Vanilla,2.0,84.44819185621617,1,12.416135862787213
Small,Robusta,Soy,Caramel,2.0,83.3407572943396,1,12.594005213875127
,Arabica,None,,3.0,unknown,5,17.828922411219313
Small,Robusta,None,Vanilla,1.0,65.63167217076756,3,12.39237324590517
,Liberica,Soy,Hazelnut,3.0,unknown,4,14.709680543984376
Large,Robusta,Soy,Mocha,3.0,80.96846485462157,4,17.908604322361533
Large,Liberica,,,2.0,71.05041641383053,3,14.498949359434377
Large,Arabica,None,Mocha,1.0,unknown,1,12.0229671054326
Small,Robusta,Almond,,2.0,60.93447278380173,1,9.818912161589777
Large,Arabica,Soy,Caramel,1.0,67.78729347825147,2,12.73018959826009
Large,Liberica,Whole,Hazelnut,3.0,61.01029211623392,5,16.423027177386803
Small,Liberica,Almond,None,1.0,86.37557317803743,5,16.646598374328207
Large,Liberica,None,Hazelnut,2.0,67.30190049655592,5,16.322228743450214
Small,Arabica,Whole,Hazelnut,2.0,76.72011508719024,2,13.150482239644331
Medium,Arabica,Soy,Caramel,2.0,61.16937961983391,5,15.689475768825616
Large,Arabica,Almond,Mocha,1.0,80.00542173916975,3,15.592100496811554
Medium,Arabica,Soy,Caramel,3.0,69.69082037262282,2,13.510602707542407
Small,Liberica,None,None,3.0,86.93757560872997,3,14.85529289155322
Large,Liberica,Almond,None,1.0,86.64354566802108,2,13.945250689032996
Small,Robusta,None,None,2.0,69.75871855085244,5,14.7997210371647
Medium,Robusta,None,Caramel,3.0,87.02882687071404,3,16.262627690741667
Small,Arabica,Whole,Hazelnut,2.0,89.88473020496336,3,15.641432813543688
Large,Liberica,Soy,,,84.76246992371844,3,16.207488642783304
Large,Liberica,,Vanilla,2.0,85.34614043265687,2,14.986001803489515
,Liberica,None,None,3.0,67.4702620832727,4,14.547483795555971
,Robusta,None,Hazelnut,3.0,77.30107196573269,5,17.244180228619253
Large,Robusta,Almond,Vanilla,2.0,62.017677419021034,3,14.156146226289835
Medium,Liberica,None,Hazelnut,1.0,62.84753810465009,4,13.862591298409193
Large,Liberica,Whole,None,2.0,89.96677836099872,5,18.31902922539556
Large,Liberica,Whole,Mocha,1.0,69.79917748277732,5,16.56873365857329
Small,Robusta,Whole,None,2.0,82.44551736146539,3,14.312143241792963
Large,Liberica,Whole,Caramel,,84.19995159080449,3,16.6982558964544
Small,Liberica,None,Hazelnut,1.0,85.74069813021688,2,13.27491578482052
Large,Arabica,Almond,Hazelnut,1.0,89.9288489220647,4,17.8166621518111
Medium,Arabica,Almond,Caramel,1.0,67.24489455770603,4,15.05216140222479
,Robusta,Almond,Caramel,3.0,61.21052480579099,3,14.497314403032055
Small,Liberica,Almond,Mocha,2.0,72.33574553983757,5,16.595905125184714
Small,Liberica,,Hazelnut,3.0,63.90242009486841,3,13.486459844468829
Medium,Arabica,Almond,Hazelnut,1.0,60.67277667486165,5,14.941131640120354
,Robusta,Soy,Mocha,2.0,70.81280481424459,5,17.35895562727049
Large,Arabica,Soy,Vanilla,3.0,83.51214753225709,3,16.432249906969535
,Arabica,Whole,Mocha,1.0,76.98542073675213,bad,11.895585538692265
Large,Arabica,Soy,None,1.0,69.38333967631063,4,14.787040008468333
Large,Arabica,None,Hazelnut,,79.63026016478159,5,18.25094527063878
Small,Liberica,,Caramel,3.0,unknown,5,16.521610591053214
Large,Liberica,Whole,None,3.0,60.43144338216255,1,11.16036651186805
Large,Arabica,Soy,Hazelnut,1.0,82.93060159309282,2,14.34367550229525
Medium,Robusta,None,Mocha,3.0,78.71229254592028,1,12.969262502383884
Medium,Robusta,None,None,1.0,82.86907873502881,1,11.44348165851364
Small,Robusta,None,Hazelnut,3.0,61.16814050062997,5,15.522121386797458
Large,Robusta,Whole,Vanilla,1.0,85.11358883491957,4,16.615876742253395
Large,Arabica,Whole,,1.0,78.5857860010891,1,12.328613223009421
Large,Liberica,Almond,Caramel,2.0,76.9018605213792,2,14.30701969817506
Small,Robusta,Whole,Hazelnut,3.0,78.73842144343595,3,15.176407873052332
Small,Arabica,None,Vanilla,3.0,85.93299740605093,1,12.88926514767846
Medium,Robusta,None,Mocha,1.0,77.60809519676721,1,11.60708036901477
Small,Robusta,Whole,,1.0,77.42851139664538,2,12.47557918291046
Large,Arabica,,,1.0,89.72037471197297,4,17.38548269447962
Large,Liberica,Whole,Mocha,,82.70190501205704,1,13.728954194634467
Small,Liberica,,Vanilla,2.0,73.26881416353406,1,11.367406200504783
Large,Arabica,None,Hazelnut,1.0,81.22191000098783,4,16.172914319595876
,Liberica,Almond,,3.0,71.67691415075366,2,13.864966716256555
Small,Arabica,None,Vanilla,3.0,66.86626387450497,1,10.744231741998712
Small,Arabica,Almond,Vanilla,2.0,77.90555630663277,4,15.381994987014698
Large,Arabica,None,Hazelnut,2.0,87.84546294341854,1,13.752420070436756
Large,Liberica,Whole,Hazelnut,1.0,87.87418560046387,3,15.99058376979664
Large,Arabica,None,Mocha,3.0,70.2571583431647,5,17.03246657036582
Medium,Robusta,None,Hazelnut,1.0,75.83032398665085,3,13.947956707485348
Medium,Liberica,None,Mocha,2.0,66.34907695709583,1,11.13320882515894
Medium,Liberica,Whole,Vanilla,3.0,89.8689332849665,2,15.285035616183087
Small,Liberica,Whole,Caramel,3.0,89.43353723603806,5,18.504749938141053
Medium,Liberica,Whole,None,2.0,79.48526789122342,3,14.811208328825426
Small,Robusta,Whole,Vanilla,1.0,84.1324217903242,4,15.544666406720907
Small,Liberica,Almond,Hazelnut,1.0,81.45300483851099,2,13.500970210780036
Medium,Liberica,Almond,None,3.0,77.79474657118405,bad,14.87763198459858
Medium,Arabica,Soy,Caramel,2.0,61.60043990966693,4,14.390772046989298
Medium,Liberica,Whole,Caramel,3.0,73.64293027657983,1,12.447311496974429
Large,Robusta,Almond,Mocha,2.0,80.24358906502232,4,17.028607192197896
Medium,Robusta,None,None,1.0,80.32594841651054,3,999.0
Large,Robusta,Whole,Mocha,2.0,71.19367855267151,3,15.289183012607303
Small,Robusta,Soy,Vanilla,1.0,88.25075959974092,1,12.381867272718923
Large,Liberica,Soy,None,2.0,unknown,4,14.71874603558725
Medium,Liberica,Soy,Vanilla,3.0,75.01078338646681,4,16.288453736024433
Small,Robusta,None,Mocha,1.0,80.72651929652469,1,11.551811699394417
,Robusta,Almond,None,3.0,80.91407417675427,4,16.044117580066384
Small,Liberica,None,Mocha,3.0,79.45916870306446,1,12.60273602909607
Large,Robusta,Whole,None,1.0,68.2586464035558,2,11.640586226248539
Medium,Arabica,Soy,Mocha,1.0,64.68619706059866,3,12.791233732020732
Small,Robusta,None,Caramel,3.0,79.07820980480133,2,13.308645346078103
Small,Robusta,None,Mocha,3.0,77.97906348418313,5,17.217366385927054
Small,Arabica,Almond,Caramel,3.0,65.38068030867723,5,15.924938424546603
Large,Arabica,Almond,Mocha,3.0,81.1541743671169,5,18.313890968772938
Large,Liberica,Soy,None,1.0,73.6551597520097,1,11.679751856444812
,Liberica,None,None,1.0,80.03281774809459,4,14.852013219550003
Large,Arabica,None,None,3.0,85.12101239310452,bad,14.194059557950567
Small,Arabica,Almond,Hazelnut,2.0,65.0918528573077,2,12.112077365586584
Medium,Liberica,None,Vanilla,2.0,60.5743460399051,2,11.263485860063575
Small,Robusta,,,1.0,83.3730775918736,2,12.259414822682148
Small,Arabica,None,Caramel,3.0,78.29092275457847,5,16.803829220221246
Large,Liberica,Almond,None,3.0,unknown,2,14.69773149266147
Medium,Robusta,Soy,Hazelnut,1.0,85.14464924965928,4,16.043539592385052
Large,Arabica,Whole,Caramel,2.0,unknown,5,18.237062431447942
Large,Robusta,Soy,,2.0,88.82760440786474,2,15.357549648604266
Medium,Liberica,Whole,Caramel,2.0,76.07805236556355,1,12.256537100881857
Small,Arabica,None,Mocha,1.0,74.65486897979716,3,13.157877346281687
Small,Robusta,Soy,Vanilla,2.0,72.0566159967219,3,13.965230355651343
Medium,Arabica,Whole,Vanilla,1.0,64.61073128532614,3,12.589205774200604
Small,Robusta,Almond,,1.0,77.17821698646067,5,16.626919993912214
Medium,Liberica,Almond,Vanilla,3.0,68.31037572977937,2,13.442704857620278
Medium,Liberica,Soy,Hazelnut,2.0,87.63922536638927,5,18.93525202395132
,Arabica,Soy,,,77.49572412831293,4,16.2532192186126
,Robusta,None,Hazelnut,2.0,77.7852054152433,1,12.343412262394834
Large,Arabica,Soy,Vanilla,2.0,70.6477398263103,1,11.904001424118558
Small,Arabica,None,Hazelnut,3.0,61.55968055933123,3,12.577576815070518
Small,Robusta,None,Vanilla,2.0,60.95231296118966,3,12.364186171275305
Small,Robusta,Almond,Hazelnut,3.0,72.70005432459592,3,14.768893373729979
Small,Robusta,Almond,None,1.0,62.53696134291714,2,10.989398672251397
Large,Liberica,Whole,Hazelnut,2.0,78.20540866620418,4,16.545860288826468
Small,Arabica,Almond,,1.0,86.42919016918972,4,16.24689944482472
Medium,Arabica,Almond,Hazelnut,2.0,86.48744449556166,4,17.72250801766494
Medium,Liberica,Soy,Mocha,1.0,79.77136230396697,4,16.06107735206815
Medium,Robusta,Almond,Hazelnut,2.0,66.33695494418794,3,14.189011795537002
Large,Liberica,Whole,Caramel,2.0,85.88990494076616,1,13.790701710241486
Small,Liberica,Soy,Caramel,2.0,86.58280305939624,3,15.044104014514442
Small,Liberica,,Vanilla,2.0,65.89960754858876,4,14.561075342000946
Small,Arabica,Almond,None,2.0,82.12278257312032,3,14.290106729351018
Large,Liberica,Whole,Hazelnut,2.0,68.59558646781369,4,15.960455298057974
Medium,Arabica,Soy,Vanilla,2.0,84.07920937058789,5,17.59531407574454
Medium,Arabica,None,,2.0,89.91713699710809,1,12.455821766809253
Small,Arabica,Whole,Hazelnut,2.0,60.90078015988178,5,15.577095495832628
Medium,Robusta,Whole,Mocha,1.0,86.92097597372796,2,14.122637139581228
,Arabica,Soy,Hazelnut,3.0,78.67891600795974,3,16.058546696004484
Large,Arabica,Soy,Caramel,2.0,89.20147857494463,2,15.40450172568276
Large,Robusta,Whole,Caramel,3.0,73.95028552579282,3,15.126648997987711
Large,Arabica,Almond,Mocha,2.0,85.42163791714121,5,19.020577311660468
Large,Liberica,Whole,,2.0,61.871822057948314,4,14.76920374224371
Small,Liberica,Soy,None,1.0,70.05837150234888,4,13.945574912938296
Large,Arabica,None,Hazelnut,1.0,62.010496132536296,3,13.106091786761647
Medium,Robusta,None,Caramel,3.0,89.26029400437211,4,17.01740575484864
Small,Liberica,Almond,Vanilla,1.0,84.5092172181551,5,17.083780674889624
Medium,Robusta,,Mocha,1.0,85.57642263737911,4,16.896886892168475
,Robusta,None,Caramel,3.0,88.13895694301682,5,18.512492986004577
Medium,Liberica,Whole,,1.0,62.55310458359356,2,11.743806907758263
Large,Robusta,Soy,Hazelnut,2.0,71.5679277754,5,17.671861457931378
Large,Liberica,None,None,3.0,62.131046671320064,1,10.955238360172629
Small,Robusta,Almond,Caramel,3.0,unknown,1,11.574286150702644
Small,Liberica,Soy,,2.0,66.88097331113018,1,10.769772296681197
Large,Arabica,,Hazelnut,1.0,74.07321633142736,3,14.954091238300656
Medium,Liberica,Soy,Vanilla,3.0,68.05686502360928,3,14.612775185644317
Small,Liberica,,None,3.0,63.029343204532836,3,12.235721890033279
Large,Liberica,,Caramel,2.0,65.02473267282323,5,16.987372431531714
Large,Liberica,Almond,None,2.0,64.41826690656274,3,13.62348548582725
,Robusta,Soy,Caramel,1.0,89.19230393736895,2,14.741676491429187
Medium,Arabica,,None,3.0,82.7787752075542,1,13.27740393613947
,Liberica,Soy,Mocha,1.0,89.03284395808686,5,18.54592554866103
Large,Robusta,Soy,Caramel,1.0,73.19221459523726,1,12.271124437020948
Large,Arabica,Soy,None,2.0,68.3510544498797,3,13.876753718536262
Large,Arabica,Soy,Vanilla,3.0,83.9487959162756,5,18.88291436292158
Small,Arabica,None,Mocha,3.0,69.7876175412344,4,15.077473794990299
Small,Arabica,,Mocha,3.0,68.98150121116045,2,13.056329532634047
,Liberica,Whole,Vanilla,2.0,66.97517976623493,3,13.798411620533145
Medium,Liberica,Almond,None,2.0,63.89036934672706,3,12.864788186653827
,Robusta,Whole,Hazelnut,2.0,67.69389183050298,2,12.55527118000846
,Robusta,None,Vanilla,2.0,70.65959245421664,2,12.939531927641355
Small,Robusta,Whole,None,2.0,unknown,4,15.117236363882906
Small,Arabica,Almond,Vanilla,3.0,61.87694526658355,3,13.11597972360686
Medium,Arabica,Whole,Vanilla,1.0,66.31520818996029,3,12.915573554740858
,Liberica,None,Caramel,3.0,84.27070920875029,1,13.32271119288264
Large,Arabica,Soy,None,1.0,64.40765770751312,5,15.420509627011006
Medium,Arabica,Whole,Hazelnut,2.0,70.27935439567565,5,16.60824792345136
Medium,Arabica,None,Caramel,1.0,85.9397676557442,1,12.200659187377358
Large,Robusta,None,Vanilla,3.0,64.64775933430327,5,16.451151248396737
Large,Robusta,Almond,Vanilla,3.0,62.4821050685457,2,13.321004633025117
Medium,Liberica,Almond,Vanilla,1.0,74.53613985240032,5,16.972253571682025
Small,Arabica,Whole,,2.0,69.07258533835609,5,15.004881849922967
Small,Arabica,Soy,None,2.0,76.90225093451562,1,11.622101302111666
Medium,Liberica,,Caramel,3.0,84.11414671450426,4,17.006034983653443
Small,Arabica,Whole,Hazelnut,1.0,64.1144546445823,5,14.95562691658289
,Arabica,None,Caramel,2.0,77.42097253662855,5,16.882744444580062
Small,Robusta,None,Mocha,2.0,75.16526281169592,4,14.92499963130207
Small,Liberica,Soy,Vanilla,3.0,64.32236358039599,1,11.169374074123347
Large,Liberica,Soy,,2.0,78.71995456586947,4,16.97382165926786
Large,Liberica,Whole,Vanilla,1.0,68.20921253582316,1,11.542042500108579
Small,Liberica,Soy,Caramel,3.0,74.63502955632038,2,13.565224630278726
Small,Robusta,Soy,Caramel,3.0,62.46816972831186,1,10.960755108840258
Large,Robusta,Whole,Vanilla,,73.78752171640869,2,12.881940838656003
,Arabica,Soy,Caramel,3.0,69.19390404128461,2,13.87769676202038
Large,Arabica,Almond,None,2.0,84.67143633556063,1,13.508465264528844
Medium,Arabica,,None,2.0,61.70936180992105,3,11.965502609674177
Small,Arabica,None,,1.0,72.5582182475499,1,10.344803951119651
Large,Robusta,None,Vanilla,2.0,73.75294272394314,5,16.900547819641126
Small,Liberica,None,Caramel,1.0,81.75018228897356,5,16.078087271927902
,Robusta,Whole,Caramel,1.0,77.22862725270633,3,14.164358035847592
Medium,Arabica,None,Caramel,2.0,80.01637011582542,2,13.416917295236908
Large,Robusta,None,Mocha,1.0,83.31147856955269,3,14.858024376117237
Medium,Liberica,None,None,2.0,85.86608920974567,5,16.891784551731295
Small,Liberica,None,Hazelnut,3.0,69.41626490167411,bad,13.982312073524874
Large,Robusta,Almond,Hazelnut,3.0,76.1406811609171,1,13.452594159645518
,Robusta,None,Mocha,1.0,85.203242353176,3,14.000749808418632
Small,Robusta,Almond,Caramel,2.0,89.68353392895169,2,14.44234839698839
Medium,Arabica,Whole,Mocha,2.0,86.6855793313129,1,999.0
Medium,Robusta,Soy,Mocha,,71.1440178787313,4,16.075017426273753
Medium,Robusta,,Vanilla,3.0,unknown,5,15.992583336032826
Medium,Robusta,Soy,None,2.0,unknown,5,16.477049371722888
Medium,Liberica,Soy,Hazelnut,1.0,82.24924355508126,3,14.775782868936197
,Liberica,Whole,Caramel,3.0,74.77707212259892,1,13.2766483430149
Small,Arabica,,Hazelnut,1.0,74.49542589941005,4,15.126229596221734
Small,Arabica,Almond,Hazelnut,1.0,85.14691263245402,1,12.532829568426257
,Liberica,,None,3.0,70.84211337201559,5,16.285396239560843
Small,Liberica,Soy,Hazelnut,1.0,85.79384024434937,1,12.353884804644329
,Liberica,Soy,Hazelnut,1.0,72.20414402855171,4,999.0
Small,Robusta,None,Mocha,2.0,69.84699317035017,3,13.315598050154067
Large,Robusta,None,None,1.0,73.61969733599096,2,12.194659215623462
Large,Liberica,Almond,Vanilla,2.0,82.87340876024605,bad,13.583366148950942
Small,Robusta,Almond,Caramel,3.0,63.780060835919826,2,12.456553130429793
Small,Robusta,None,Hazelnut,3.0,65.89257647616053,5,16.133314226899596
Large,Arabica,Almond,Caramel,2.0,88.54334476989276,3,16.438998651495073
Large,Liberica,None,Vanilla,3.0,65.26474882144072,3,13.973971034314753
Medium,Liberica,Whole,,1.0,77.03181953793164,1,12.11044253220766
Large,Robusta,Soy,,1.0,77.37943399985814,3,14.71883641294904
Medium,Liberica,Soy,Mocha,1.0,74.68873386150734,1,12.048980001617052
Medium,Arabica,Almond,Hazelnut,3.0,79.34235745730456,1,13.874122942332198
Medium,Arabica,,Vanilla,1.0,66.89480177392855,2,11.50912117200453
Medium,Arabica,,Caramel,3.0,76.57986803330245,3,14.994259268645306
Medium,Liberica,Almond,Hazelnut,1.0,71.1651976574069,1,11.485781309472719
Small,Liberica,None,Mocha,2.0,79.85001778887568,2,13.23594843850113
,Liberica,Whole,Hazelnut,3.0,64.23670630119449,4,15.963555427316805
Medium,Liberica,Soy,Vanilla,3.0,77.12632250518429,bad,14.207239906950472
Large,Liberica,Almond,Mocha,1.0,65.55811066149971,2,12.626696651742892
Large,Arabica,Almond,Caramel,3.0,68.35929189345109,1,12.403712506231672
Medium,Robusta,None,Mocha,3.0,66.5612940097075,5,16.45677981392065
Small,Arabica,Almond,,2.0,65.48513339606451,5,15.43583270911056
Medium,Liberica,Whole,None,2.0,84.77132854682,5,17.31366275623349
Small,Arabica,None,Mocha,1.0,68.57122702982672,2,11.645359076266665
Large,Liberica,None,Mocha,2.0,87.81371345593348,1,13.719750892767953
Small,Liberica,None,Hazelnut,1.0,89.09779576035572,3,15.199448104993536
Small,Arabica,None,Caramel,1.0,77.13781409811293,2,12.418803240327648
Small,Liberica,Whole,Hazelnut,1.0,64.2900336799718,2,11.398223690332065
Large,Robusta,None,Hazelnut,3.0,71.23644730138744,1,12.629107406109032
Large,Liberica,Almond,Vanilla,2.0,83.93196790044642,4,17.283722649535754
Small,Robusta,Whole,Hazelnut,1.0,71.02172186091211,2,11.885736833421987
Small,Robusta,Soy,,2.0,62.61051654908366,4,13.372971871611496
Medium,Liberica,Soy,None,1.0,76.70354732784564,4,14.858202551388592
,Arabica,Almond,Vanilla,2.0,85.35362554488104,5,17.228118453916917
Medium,Robusta,Almond,Caramel,2.0,83.87779161430507,1,13.297277855080834
Small,Arabica,Whole,Caramel,1.0,unknown,4,13.77555505146045
Medium,Robusta,Soy,Hazelnut,3.0,80.182938432374,1,13.183715062975084
Large,Liberica,Soy,,2.0,66.6151279030694,5,17.042355363362407
Small,Liberica,Soy,Hazelnut,3.0,66.54622603656517,1,11.797797152594708
Small,Robusta,Soy,Caramel,3.0,86.22215319915556,2,14.667622215688533
,Liberica,Soy,Mocha,1.0,67.4900685822069,4,14.184193223178895
Small,Robusta,None,,1.0,67.89742039554034,1,9.608030469904405
Medium,Liberica,,Mocha,1.0,60.019601722838985,3,13.038004244379236
Small,Arabica,None,Mocha,,86.12007102376553,1,12.57348781632049
Large,Liberica,Soy,Caramel,1.0,83.77784439627405,4,16.612861989540455
Large,Arabica,Whole,Mocha,1.0,78.81986805272034,5,17.53730695837427
,Liberica,Whole,Vanilla,2.0,82.50797291816527,5,17.38989342198162
Large,Arabica,Soy,Hazelnut,2.0,64.56145702273476,4,15.43681989055113
Small,Liberica,Soy,Vanilla,1.0,73.74970783762726,2,12.694558651589212
Small,Arabica,Whole,None,,70.53658162046342,2,11.248531975249266
Large,Robusta,None,Hazelnut,1.0,62.813295787710494,5,15.587810981439079
Small,Robusta,None,Mocha,1.0,74.58391455644772,5,15.523894336443504
,Arabica,Soy,None,3.0,87.62218951027906,4,17.606873118211958
Medium,Liberica,None,Hazelnut,3.0,61.20177357152083,2,999.0
Small,Arabica,Whole,Mocha,1.0,68.74382740481381,5,15.365174380718036
Medium,Liberica,,Vanilla,3.0,66.2262280861711,2,12.304198568547397
Large,Robusta,Soy,Hazelnut,2.0,67.14439960997089,5,17.04150763057555
Medium,Liberica,,Mocha,3.0,87.25303655638126,1,14.224193130739907
Medium,Robusta,None,Vanilla,3.0,74.0420716270287,3,999.0
Large,Liberica,Almond,None,1.0,73.98898238819456,1,11.224566366647677
Medium,Liberica,Whole,None,3.0,82.81726927365847,5,18.09014085795142
Medium,Liberica,,None,3.0,64.63476612014777,3,13.522532600138952
Large,Arabica,,None,3.0,74.61796062300152,3,15.00649623420155
Medium,Arabica,Almond,,3.0,72.8995564236318,5,17.52138122616137
Large,Robusta,,Hazelnut,2.0,77.90732071639968,5,18.025970036140507
Medium,Robusta,Almond,Hazelnut,1.0,89.98673109751316,2,14.665303366361004
Large,Arabica,Soy,Caramel,1.0,83.08346682246142,5,17.947930015714558
,Robusta,Soy,Mocha,2.0,71.93597109052281,4,16.07210265152822
Medium,Arabica,Soy,,3.0,84.8265915682214,5,18.601786758284135
Medium,Liberica,Whole,None,2.0,65.1212508993744,4,14.074869262786423
Medium,Robusta,Almond,,3.0,60.9139105892688,5,15.904856800978951
Small,Robusta,Almond,Mocha,2.0,66.1334511739282,2,12.342512411435896
,Arabica,None,Vanilla,1.0,70.2123466834278,4,13.938294555646047
Small,Robusta,None,Hazelnut,1.0,75.31742272378679,1,11.134718991593953
Large,Robusta,Almond,Vanilla,1.0,78.45387421623599,4,16.409372472150643
Medium,Liberica,Almond,Hazelnut,3.0,87.31817151643266,2,15.596685193646241
Large,Robusta,Almond,Caramel,3.0,75.29562028651372,4,16.923016929007996
Small,Liberica,Whole,Caramel,2.0,75.03826933877188,5,16.671759706763428
Medium,Arabica,Almond,,2.0,61.50729029468946,5,14.97922552150056
Large,Robusta,None,Mocha,1.0,61.04734657968672,2,11.524600381466175
Medium,Liberica,Whole,None,3.0,76.53479885749115,3,14.460639871464467
Large,Arabica,Almond,Hazelnut,2.0,73.14535839745034,5,17.930547051572898
,Robusta,None,None,3.0,85.17541184940896,1,12.906098887768911
Small,Arabica,Whole,Vanilla,3.0,64.82038754135536,2,12.379499801544535
Small,Robusta,Almond,Hazelnut,1.0,60.74914986351149,4,13.98930095939351
Medium,Arabica,Almond,Caramel,1.0,73.47116303790378,4,15.17125974730798
Large,Arabica,Almond,,3.0,unknown,1,12.782154694228968
Small,Liberica,Whole,Hazelnut,3.0,61.488431200165124,5,15.82380823433988
Small,Arabica,None,Hazelnut,3.0,81.73794860542887,2,14.043171281319871
Small,Robusta,None,Vanilla,3.0,63.347789998717424,1,10.511734153361303
Medium,Robusta,Soy,Mocha,1.0,78.24958500023315,5,16.947969922341297
,Liberica,Almond,Caramel,2.0,68.43149250500667,2,13.051330954212865
Large,Robusta,Soy,Hazelnut,1.0,65.20488151065067,4,15.295721984503315
Large,Robusta,Soy,,2.0,71.39254568757953,2,13.705585529788593
Large,Robusta,None,Vanilla,3.0,84.0433732866886,3,15.992122194398386
Medium,Arabica,Whole,None,2.0,71.76280730713718,2,12.264592603985388
Medium,Arabica,Whole,Caramel,1.0,82.52308947633168,3,14.35269674413458
,Robusta,None,Mocha,1.0,63.76458890397452,2,12.016550816680196
Large,Liberica,Whole,,3.0,83.18314258995238,3,16.740095330246163
Medium,Arabica,Soy,Hazelnut,1.0,67.10799974719946,4,14.863213336537292
Large,Liberica,Almond,Caramel,3.0,80.32179389666618,5,18.342267046115747
Small,Robusta,None,None,1.0,unknown,3,12.727174778507695
Medium,Robusta,Almond,Hazelnut,1.0,87.87434151635063,3,15.343764599624846
Large,Arabica,Whole,Caramel,3.0,71.61967553925942,4,16.735907775456777
Medium,Robusta,Almond,Vanilla,2.0,61.98495566503321,3,13.181284650079704
Small,Arabica,Whole,None,1.0,60.574664566537585,1,9.408547178545739
,Robusta,Whole,Mocha,2.0,84.8057568291826,4,17.069749611655087
Medium,Robusta,Soy,Hazelnut,1.0,75.74206912984296,1,11.894088842477084
Medium,Arabica,,Caramel,1.0,83.25732155504848,4,15.8991751652513
Medium,Arabica,Soy,Vanilla,1.0,67.03276800034544,3,13.373350843311812
Small,Arabica,Soy,Mocha,1.0,70.35251236539702,1,10.766386429103086
Medium,Robusta,Soy,Caramel,2.0,60.903116166339565,3,13.310808545065598
Medium,Robusta,None,,,88.84476973722337,4,16.687911455560954
Large,Liberica,None,Mocha,1.0,80.0360372010244,3,14.447372037209313
Medium,Arabica,Whole,Vanilla,1.0,87.99615263277919,1,12.453521659453028
Large,Robusta,Soy,,2.0,67.96489222287217,1,12.041826071986137
Small,Robusta,,None,3.0,78.34390833676983,3,13.822079284410858
Small,Arabica,Soy,Hazelnut,3.0,80.35499904877913,2,14.124881941495088
Small,Liberica,Almond,Mocha,2.0,69.52649100772766,4,15.191821868591521
Small,Arabica,,Mocha,1.0,85.44327705046891,4,16.37901616037338
Large,Liberica,Almond,Mocha,1.0,88.41484388700744,3,16.186975444428384
Medium,Robusta,Whole,Vanilla,3.0,86.54565353088013,2,14.886445611706042
Small,Liberica,Soy,Hazelnut,3.0,82.17200927818118,1,13.317229534440894
Medium,Robusta,Almond,None,2.0,68.32394039174862,5,15.661006925234947
Large,Arabica,None,Caramel,3.0,68.44848126316896,5,16.989478737266438
Large,Arabica,Almond,Caramel,2.0,88.90080961338114,3,16.800458155702547
Large,Arabica,,Mocha,,60.30853487807076,2,13.3668995294906
Small,Liberica,Almond,Hazelnut,3.0,81.48149919726433,2,14.06079937922594
Medium,Robusta,Whole,Vanilla,,81.18738487665786,4,16.666467433703996
Medium,Arabica,None,Hazelnut,1.0,78.68068622849393,1,11.6924159722847
Medium,Arabica,Soy,Hazelnut,,89.70326538260598,bad,14.690303929142443
Large,Robusta,None,,1.0,unknown,5,16.03178722324477
Small,Arabica,Soy,Mocha,3.0,70.19915591379744,1,12.21925767286894
Large,Robusta,,Hazelnut,2.0,62.368182088396665,1,11.537825112766052
,Robusta,Whole,Caramel,2.0,73.28394409631213,3,14.828879909969368
Medium,Robusta,Whole,Vanilla,2.0,67.83145578704544,2,12.813079982480295
Large,Robusta,Whole,,,70.30160106532932,3,14.089475494238993
Medium,Robusta,Soy,Mocha,1.0,85.03715370766884,2,14.357245673004478
Small,Liberica,Almond,Vanilla,1.0,88.06453540582487,4,16.264199141184456
Medium,Arabica,,None,3.0,65.57199216015557,3,13.425775892272904
,Liberica,,None,3.0,71.17526794660398,3,12.950901123704838
Medium,Arabica,Whole,Hazelnut,2.0,87.85891686346181,5,18.175589236534396
Large,Liberica,Whole,Hazelnut,1.0,61.85425382067668,3,13.617835749019363
Large,Robusta,None,Hazelnut,2.0,62.77081584334135,2,12.714800948951538
Small,Arabica,Soy,Vanilla,3.0,64.88372967618687,5,16.358245395895963
,Arabica,,Vanilla,3.0,77.85638502380624,3,15.154259568845273
Small,Liberica,,Mocha,,64.51416813017993,3,13.583984528524988
Medium,Liberica,None,Hazelnut,3.0,89.042291443522,bad,17.388225877821466
Medium,Arabica,Almond,None,2.0,73.40143581775561,3,13.808860418426788
Small,Liberica,Soy,,1.0,unknown,1,11.474569747534009
,Liberica,Soy,Mocha,2.0,67.3997584741622,5,17.023511997864098
Medium,Liberica,None,Vanilla,1.0,74.12880757304201,1,11.134369632172378
Medium,Robusta,Soy,Mocha,1.0,79.85740897911035,5,17.263215194037635
,Robusta,Whole,,,82.53531410862128,4,17.218168507353766
Small,Liberica,None,Mocha,3.0,82.6160424812974,3,15.318367620100451
Small,Liberica,Soy,,3.0,77.33673338082265,3,15.292670455045656
Small,Robusta,None,Caramel,2.0,87.13079324981572,3,15.021923395449642
Small,Robusta,Almond,Hazelnut,2.0,84.52223541918329,5,18.021384116430916
Small,Arabica,Soy,None,3.0,82.71144344095876,3,14.973956854580832
,Arabica,Whole,Mocha,2.0,61.66816565041382,1,11.374582618634458
Large,Robusta,Soy,Mocha,3.0,60.206338866589476,3,14.471946821641573
Small,Liberica,None,Mocha,2.0,66.37341831586419,4,13.858442817814566
Medium,Liberica,None,Hazelnut,1.0,unknown,1,12.201349092199532
,Liberica,Soy,Vanilla,1.0,72.33592466647637,3,13.09468787869443
Large,Liberica,Whole,Vanilla,3.0,72.07218777897936,3,15.264379435256883
Large,Arabica,Whole,Caramel,2.0,86.5376066468884,2,14.884729873003609
,Robusta,Whole,Vanilla,2.0,86.86688544395517,5,18.1973663410104
Large,Liberica,None,Mocha,1.0,87.27525792160758,1,13.120740746975175
Small,Arabica,Soy,Mocha,1.0,69.41634229545082,2,11.722683037912415
Medium,Liberica,Almond,,3.0,80.73167438217786,4,17.257307364421482
Small,Robusta,None,Caramel,1.0,68.14899543823108,5,14.799315388456566
Small,Arabica,,Mocha,3.0,65.7182949922335,1,11.548058843386023
Medium,Robusta,,Vanilla,1.0,65.53897372042107,3,13.154162509788987
Small,Robusta,Whole,Hazelnut,1.0,70.26322862590783,1,11.005407059668391
Large,Arabica,Almond,Hazelnut,2.0,72.89872859339465,3,15.098359068336421
Small,Arabica,Whole,None,1.0,84.92847513165205,5,16.274981066879732
Medium,Arabica,Whole,Vanilla,1.0,63.596732804181364,bad,12.76794555319792
,Arabica,Almond,Mocha,3.0,82.04777542184682,4,17.476118038233196
Medium,Arabica,Soy,Hazelnut,1.0,75.94364742567916,3,14.829840160129013
Small,Arabica,None,Vanilla,3.0,68.63836028027977,4,14.5028016776794
Medium,Arabica,Soy,,1.0,74.78458753598474,5,16.993828382530012
Medium,Liberica,Almond,Mocha,,68.99826209331067,5,15.765890725785928
Small,Robusta,Whole,,3.0,77.88245865714919,1,12.449407985496462
Large,Arabica,,None,2.0,73.01531768565732,4,15.409776077328377
Small,Liberica,None,None,3.0,64.93216587236637,4,13.522714849348493
Medium,Liberica,Almond,Hazelnut,3.0,63.4974922366709,2,12.833031545709574
Medium,Liberica,Soy,Vanilla,3.0,76.40087046216391,2,14.12268682864395
Small,Robusta,None,Vanilla,2.0,87.0723909985831,2,13.56442556031274
Large,Arabica,Almond,Vanilla,1.0,70.31873059673056,3,14.307754139194078
Medium,Liberica,None,Hazelnut,3.0,81.9900032166787,2,14.537094858892175
,Robusta,Almond,Vanilla,,79.759840648193,4,16.92910746345381
Medium,Robusta,Whole,Mocha,2.0,87.94664742928443,3,16.12621737815852
Small,Robusta,Soy,None,3.0,84.62943051897423,5,17.449036594648973
Medium,Liberica,,Mocha,1.0,76.99815776716389,1,11.362417099055238
Large,Arabica,Almond,,2.0,79.71091494702321,2,14.68265433086648
Medium,Liberica,None,Mocha,1.0,86.95159399752104,5,17.27733697319588
Medium,Liberica,None,Vanilla,1.0,71.98556353760804,4,14.311437094008319
Large,Arabica,Soy,Hazelnut,2.0,69.80384117573333,1,12.444800542412453
Medium,Arabica,Whole,,,60.32433250905589,5,15.94987106704629
Small,Arabica,None,Hazelnut,1.0,84.79653222574393,1,11.896167146176508
Small,Robusta,Almond,Hazelnut,,84.02942101210095,2,13.77175288552279
Small,Arabica,Almond,Caramel,1.0,63.133635543004544,bad,13.88303190214968
Large,Liberica,,Vanilla,1.0,77.305721433981,1,12.151006130112975
Medium,Arabica,,None,2.0,73.91945094500662,5,16.394404019910915
Small,Liberica,Whole,Vanilla,2.0,63.561272865273345,2,11.870993887481383
Large,Robusta,Almond,,1.0,89.4170468118217,2,14.54098470472896
Medium,Liberica,Soy,,3.0,66.44087662390066,5,17.059100670259774
Large,Liberica,None,Hazelnut,,62.01702540271683,5,15.737728175019988
Small,Arabica,Soy,Mocha,3.0,77.84542138505728,1,12.913400752217715
Small,Arabica,,Mocha,,82.16600031399098,3,13.739026321307936
Small,Liberica,None,Caramel,3.0,60.97330338141561,2,11.750102408468244
Large,Arabica,None,None,1.0,79.76152916181067,1,11.665531555841685
Large,Robusta,Soy,,3.0,75.96875627854364,5,17.486679267146712
Small,Robusta,None,None,1.0,63.09795026625145,1,9.043398094731652
Large,Arabica,Soy,Hazelnut,1.0,65.17571630839086,5,16.506613937761383
,Robusta,Whole,None,3.0,77.03922891948241,4,15.504089210149086
Small,Arabica,Almond,Mocha,2.0,68.89072840539865,5,16.01337808027145
Medium,Liberica,Almond,Hazelnut,3.0,88.14947185953949,5,19.363438968672472
,Liberica,None,Vanilla,2.0,84.56220688452152,5,17.82870318003696
Small,Robusta,Soy,None,1.0,89.50701619540989,3,14.594038243333847
Small,Arabica,Almond,None,3.0,67.79012516851242,5,15.818342503355815
Large,Arabica,Soy,Vanilla,3.0,89.09170898393931,2,15.765397648046806
Medium,Robusta,Soy,,3.0,72.93701609374673,2,13.346950204382775
Medium,Liberica,None,Vanilla,2.0,70.42556385941263,1,11.034517641978084
Small,Robusta,Almond,Hazelnut,2.0,61.5104858090806,3,13.540087595763447
Large,Liberica,,Mocha,1.0,61.58295773578808,1,10.194078559719909
Medium,Arabica,None,Vanilla,2.0,80.76033767839964,2,13.356500231188994
Large,Liberica,Almond,Caramel,2.0,73.73786983302084,2,14.047829361290432
Large,Robusta,Almond,,1.0,unknown,4,15.196427711395378
Small,Arabica,Whole,None,3.0,78.41910918975698,5,16.72181577486136
Medium,Robusta,Whole,Hazelnut,3.0,67.58574354750334,2,13.347096214150026
Small,Robusta,Soy,Hazelnut,1.0,77.32895263033268,1,11.81500528009879
Medium,Liberica,Almond,Vanilla,3.0,70.77626240948071,1,12.331412345456533
Medium,Robusta,Whole,Mocha,2.0,84.70656679835457,5,18.349292931422436
Medium,Liberica,Soy,Caramel,1.0,84.62088482300338,5,17.72995830514666
Medium,Arabica,Soy,Hazelnut,1.0,74.32051194367205,4,15.706616064568333
Medium,Liberica,Soy,None,1.0,70.52457328005048,3,12.959225983330963
Large,Arabica,Whole,None,3.0,70.87679389677284,1,12.171801704796144
Small,Liberica,Almond,Mocha,1.0,84.17143577004654,5,17.157050387260515
Large,Robusta,None,Hazelnut,1.0,69.84538448392836,1,11.283418173254944
Medium,Liberica,Soy,Vanilla,1.0,66.27178121120538,5,15.699210957909692
Small,Liberica,Whole,None,3.0,62.540650256259205,2,11.446535874069957
Medium,Arabica,Whole,Mocha,,74.00079362653226,1,12.331160128623273
Small,Robusta,None,,1.0,74.46396296759525,2,11.93235798418066
Large,Liberica,None,Hazelnut,2.0,85.22726131208722,1,13.866534253777086
Small,Robusta,Whole,Hazelnut,3.0,66.63716089338192,3,13.78444955761978
Small,Liberica,Almond,Hazelnut,3.0,71.429738210052,4,15.886834288445288
Small,Liberica,None,Hazelnut,3.0,84.25217216681072,2,14.283589078758688
Small,Robusta,,None,3.0,84.7087083224692,5,17.2567427462069
Small,Liberica,None,Mocha,2.0,71.53833227936305,3,13.624326956622895
Medium,Robusta,Almond,Hazelnut,1.0,unknown,1,11.73153535029996
Small,Liberica,,Caramel,3.0,69.0985767254785,2,13.200281212384363
Small,Arabica,None,Caramel,3.0,87.97664635257937,1,13.100494488251087
Large,Robusta,Almond,Mocha,2.0,63.55931297224741,1,11.736649015630965
Small,Liberica,Whole,Vanilla,2.0,88.0124826900441,1,12.841411914518922
Large,Liberica,None,Vanilla,3.0,80.5159935550603,4,17.013383209384575
Medium,Arabica,None,Vanilla,1.0,75.94716458060194,4,14.777825399690107
Small,Robusta,,Caramel,1.0,60.979771823534875,5,14.448105644468933
Large,Liberica,Soy,Vanilla,3.0,74.26788575466026,2,14.28248125594928
Large,Arabica,Whole,None,2.0,72.23244315008196,3,13.987851892454202
Medium,Liberica,,Hazelnut,3.0,64.83656435925367,bad,14.24776521751373
Small,Robusta,,Caramel,3.0,79.69228810501971,3,14.955949892259026
Small,Liberica,Almond,Mocha,2.0,89.13452722104857,1,13.579776079340936
,Liberica,Whole,Mocha,3.0,76.86566433193576,4,17.12846044992313
Small,Liberica,None,Hazelnut,3.0,81.44259829331838,2,13.647353019235446
Large,Liberica,Whole,Caramel,3.0,62.05351357698051,1,11.904160415855504
Small,Arabica,Soy,,2.0,72.53000987450984,4,15.209801543313135
Large,Arabica,Whole,Vanilla,1.0,63.490754554934874,4,14.511423188476227
Small,Robusta,Soy,None,1.0,unknown,2,12.477010095779738
Medium,Arabica,Almond,None,2.0,88.15446474642464,2,14.519749553198837
Small,Arabica,Soy,,1.0,79.85333197414916,2,13.069116168346584
Small,Robusta,Whole,Mocha,3.0,62.30409144943265,1,10.938477790488665
,Arabica,None,Mocha,1.0,70.63998614955248,5,15.54803012539895
Small,Arabica,Soy,None,3.0,76.51990138322554,2,12.929272617249996
Medium,Robusta,Almond,Hazelnut,1.0,72.09623268399757,5,16.648871456533097
Small,Robusta,Soy,Vanilla,2.0,85.00932031425518,1,12.810089374131989
Large,Robusta,Soy,None,1.0,84.44013014129968,bad,17.009698733177878
Large,Liberica,Soy,None,1.0,78.35493060309665,3,14.433870419987315
Small,Liberica,Almond,Vanilla,1.0,71.20373835398115,5,15.751991680462753
Small,Robusta,Whole,Vanilla,2.0,67.66009121289733,2,12.010500270026624
Small,Robusta,,Mocha,1.0,63.17622954639388,1,10.475877722442563
Large,Robusta,Soy,Hazelnut,2.0,70.64693050459663,2,13.849049065309838
Small,Liberica,None,Hazelnut,3.0,72.39517551623159,3,14.401555933239338
Large,Liberica,,Vanilla,1.0,80.27468775312221,2,13.984276671242174
,Arabica,Soy,Caramel,2.0,79.7447947289272,2,14.161974971394105
Large,Arabica,Almond,None,2.0,62.10324418923771,2,12.537337697829274
Large,Robusta,Soy,None,1.0,71.85777946293473,4,15.248116636148007
Medium,Liberica,Whole,Vanilla,3.0,65.45336601652086,bad,13.826908282966338
Large,Liberica,Whole,Caramel,2.0,64.70438115950417,2,12.819702900441941
Small,Liberica,Soy,Mocha,1.0,84.81906449211738,2,13.512873508121778
Small,Robusta,Whole,Vanilla,3.0,61.257456501487724,2,12.023596557164039
Large,Arabica,Soy,Vanilla,2.0,72.57548627706365,1,12.594819338709272
Small,Robusta,Whole,None,2.0,65.04610967299554,4,13.536832432494407
Large,Arabica,None,Vanilla,3.0,unknown,1,13.85155834981881
Small,Arabica,None,Vanilla,3.0,76.71121539825106,4,15.067136073393879
Small,Robusta,None,Vanilla,1.0,66.94141909130545,2,11.382530910290923
Large,Arabica,Almond,None,1.0,75.07281861499129,3,14.104807013363791
Small,Arabica,Almond,Mocha,2.0,81.94459079109347,5,17.50563186707825
Large,Liberica,None,Mocha,3.0,88.74354026758301,5,19.012424083960692
Small,Arabica,Almond,Vanilla,3.0,unknown,2,12.890543527738942
Small,Robusta,Whole,None,3.0,86.58545316388035,1,12.191044028108559
Medium,Robusta,Soy,Mocha,2.0,88.02912342502471,3,16.09959027403729
Medium,Arabica,,Mocha,3.0,87.49261633596198,4,17.72809788209666
Large,Liberica,Soy,Mocha,3.0,79.0624307058573,2,14.915515793067394
Medium,Liberica,None,None,2.0,78.89461963304123,3,14.334707272431249
Large,Arabica,Almond,None,1.0,72.09631899551468,3,13.732166007780313
Medium,Arabica,Whole,Vanilla,1.0,82.57193646911364,4,16.1115528823585
Small,Robusta,Whole,Hazelnut,2.0,75.93882055052796,3,14.465132612794013
Large,Arabica,None,Mocha,3.0,80.32314213684883,1,13.684618064191984
Large,Liberica,Whole,,2.0,72.85373711546386,1,12.551935894590885
Small,Arabica,Whole,None,1.0,81.94489392129417,1,11.147895612304666
Large,Robusta,Whole,None,1.0,84.73414552813648,3,15.19262853430913
Large,Robusta,Whole,None,2.0,64.39308769808449,1,11.12437303147447
Medium,Robusta,Almond,Hazelnut,2.0,84.98789146722685,4,16.889801677387332
Large,Robusta,,None,1.0,76.20889595370922,3,14.013028592478268
Small,Robusta,Soy,Vanilla,2.0,85.33997727270673,5,17.611274258040286
,Arabica,None,None,,72.93905119023044,3,13.061457963332362
Medium,Arabica,Almond,Caramel,2.0,71.37121456149106,4,15.501275325510516
Small,Arabica,,Hazelnut,2.0,87.45182197551668,5,17.36233099958828
Small,Arabica,Almond,Caramel,2.0,67.53507802645204,3,13.65815243979261
Medium,Robusta,Whole,None,1.0,85.32636975858429,1,11.888572837869633
Large,Liberica,Soy,Vanilla,2.0,74.52061717528213,2,13.448593957903732
Medium,Arabica,None,Mocha,1.0,75.4228632765378,2,12.075821142656952
Small,Liberica,Whole,None,1.0,unknown,1,10.188201016508001
Medium,Arabica,Whole,Vanilla,2.0,77.19126601857047,2,13.544850091938043
,Arabica,Whole,Hazelnut,2.0,69.75633588828634,2,12.530502312686185
Medium,Liberica,Whole,Caramel,1.0,61.17808242724957,1,10.59561311531751
Large,Robusta,None,Caramel,1.0,68.15995816033069,1,11.243460752637683
Medium,Arabica,None,Caramel,3.0,60.19137130219772,3,13.542397138764155
Medium,Arabica,Soy,,1.0,89.35064361170569,3,15.55651726673717
Small,Arabica,None,Vanilla,3.0,88.97241629459242,1,13.09033150466845
Small,Liberica,Whole,Hazelnut,,71.85465892416914,4,15.362123217427314
Small,Robusta,,Caramel,3.0,81.85112563018939,2,14.139236096647846
Medium,Liberica,Soy,None,2.0,70.37418295231275,3,13.587695124477941
Large,Liberica,Soy,,2.0,80.13279471257928,2,14.738602198710543
Small,Robusta,,Hazelnut,1.0,84.16290129137937,5,17.125402905366318
Small,Liberica,Almond,Hazelnut,3.0,88.40268734076722,1,14.064950161732703
Medium,Robusta,,Vanilla,2.0,72.00636827549016,4,15.541324854176795
Small,Arabica,None,Vanilla,2.0,83.49893948868143,5,17.28087968434477
Large,Robusta,None,Hazelnut,2.0,67.97785351896357,5,16.534726020839134
Large,Arabica,Whole,Caramel,2.0,89.70996911380945,5,18.782792371247666
Small,Liberica,Whole,Mocha,2.0,60.77308796293053,1,10.426525519356334
Small,Liberica,Soy,Vanilla,3.0,78.10586419503363,3,14.750130414075453
Medium,Arabica,Whole,Caramel,,79.78517944953981,1,13.474910098641288
Large,Liberica,Soy,None,3.0,80.64136671222386,3,15.607493063433338
Large,Robusta,None,Vanilla,3.0,63.61162736367267,5,16.248047462792467
Small,Arabica,Soy,,1.0,88.15589350419391,5,17.321326206189173
Medium,Liberica,Whole,Caramel,3.0,65.43549837150249,4,15.487233321844577
Large,Arabica,,Mocha,2.0,78.68260209719523,3,15.136710813073226
Large,Robusta,Almond,Mocha,3.0,66.68028237369255,5,17.33969487334318
Medium,Robusta,Soy,None,1.0,69.21649251063812,2,12.154719634588519
Medium,Liberica,None,Caramel,,76.39375625184373,4,15.368141657052021
,Robusta,Soy,Caramel,3.0,72.5158025569373,1,13.05869347050033
Large,Arabica,None,Mocha,3.0,64.80676802929518,4,15.611138033251565
Medium,Robusta,,,3.0,65.12809207262545,2,12.086542185179132
Large,Arabica,Soy,Vanilla,2.0,72.544343644884,3,14.950486464769584
,Arabica,,Hazelnut,2.0,82.71848934826502,1,12.660827399730412
Small,Robusta,None,Mocha,1.0,86.93893940543366,1,12.258450496710166
Medium,Liberica,None,Hazelnut,2.0,62.52382986778149,3,12.959852784394355
Medium,Robusta,None,Mocha,2.0,71.79311722678203,4,15.317865529047976
Medium,Arabica,Almond,None,3.0,63.0073669116863,5,16.121903304427573
Small,Arabica,Almond,Caramel,2.0,60.49777441897794,4,14.222064747024355
Large,Robusta,Whole,None,3.0,79.85156047931869,2,14.335419377579491
Small,Liberica,Soy,Mocha,3.0,78.07348325899764,5,17.461088137313823
Large,Liberica,Almond,Caramel,2.0,64.89057341444659,4,15.37377342617769
Small,Arabica,Soy,Vanilla,1.0,67.01438499279192,3,13.095645437442613
Large,Arabica,Whole,Vanilla,1.0,60.71123260933555,2,11.731224216900028
Small,Liberica,Soy,Hazelnut,2.0,unknown,2,13.997428402369215
Medium,Robusta,Almond,Mocha,1.0,89.24071788145655,2,999.0
Small,Arabica,Soy,Mocha,3.0,64.06378610384073,5,15.947151249746774
Large,Arabica,Almond,Vanilla,3.0,66.94425641295895,1,12.304412941802669
Small,Liberica,Soy,None,2.0,86.05228571840803,5,16.81650771940685
Small,Robusta,Almond,Caramel,1.0,87.79391393868555,4,16.18280942597645
Small,Liberica,Almond,None,1.0,72.58882148420432,1,10.542339143641133
,Robusta,Soy,,3.0,61.51867416807222,4,14.50048576233936
Small,Robusta,Whole,Vanilla,2.0,61.181755010784585,1,10.408436749938357
Medium,Robusta,None,Vanilla,1.0,77.21849598207031,5,16.327229182940187
Medium,Arabica,Whole,Vanilla,,71.78685326679538,2,12.940510882768903
Small,Liberica,Soy,Hazelnut,1.0,60.859572827329636,3,12.44631814745702
Small,Liberica,Whole,None,3.0,77.4975717693767,2,13.151788670720707
Small,Robusta,Almond,Mocha,3.0,60.33907609767068,5,16.08842164235278
Large,Arabica,None,,2.0,83.6211587444782,1,13.18737871434446
Small,Arabica,Soy,Hazelnut,3.0,69.19298468110115,2,13.025472297268035
Medium,Liberica,Soy,Mocha,1.0,61.207740090276964,5,15.122200808810588
Small,Arabica,Soy,None,3.0,77.65056662949459,4,15.276015610067015
Large,Arabica,None,Vanilla,2.0,71.93053243299164,3,14.42630717770787
Small,Robusta,Almond,,2.0,89.21401240071448,2,14.036996944799359
Large,Arabica,Soy,Caramel,2.0,unknown,1,13.048068692532437
Large,Robusta,Whole,Hazelnut,1.0,68.25717543111026,4,15.299985653840617
Small,Liberica,Soy,Hazelnut,1.0,81.28316593901924,5,17.209703543080277
Medium,Arabica,Soy,Caramel,1.0,68.14476007628134,3,13.41765230871117
Large,Liberica,Soy,Mocha,1.0,87.12729874222696,1,13.803783721664136
Small,Liberica,Soy,Mocha,1.0,71.2416591152213,5,15.816417332524221
Small,Arabica,Almond,Hazelnut,3.0,76.49605688328616,5,17.427935535392752
Medium,Arabica,Whole,Hazelnut,1.0,61.517193114726865,2,11.87022537293624
Large,Liberica,Almond,Vanilla,1.0,72.78363713856692,2,13.36029093759349
Large,Arabica,Whole,Mocha,3.0,84.97090618982985,1,14.36848517083637
Small,Robusta,Soy,Caramel,1.0,84.16946416090026,5,17.033202100501267
Small,Robusta,None,Mocha,2.0,66.72955676560579,2,11.765377060217213
Medium,Arabica,,Vanilla,1.0,66.78237213031689,3,13.855911611605777
Medium,Liberica,None,Hazelnut,1.0,84.5191593663971,3,15.088767265678946
Large,Arabica,,Hazelnut,2.0,87.91195260507976,5,19.335760639505082
Large,Arabica,Soy,Vanilla,2.0,62.86082763819011,2,12.708442595459688
Small,Liberica,Almond,Caramel,2.0,unknown,1,11.95160735839801
Large,Liberica,Soy,Hazelnut,2.0,70.12362836892687,1,12.615961792170978
,Robusta,Almond,None,1.0,86.12065366372317,1,12.417306316927124
Medium,Liberica,Soy,Hazelnut,2.0,62.50574744040056,3,13.589861878986873
Small,Robusta,Soy,None,2.0,66.33377827674113,2,11.517194360141577
Medium,Liberica,,Vanilla,3.0,82.57405012759483,2,13.923319865583872
Medium,Arabica,Soy,Vanilla,2.0,61.538815469436464,3,13.296001714803173
Medium,Robusta,Whole,,2.0,74.77606142142868,1,12.279910926120797
Medium,Robusta,Soy,Mocha,3.0,73.2632110403916,1,13.044855103695735
Small,Robusta,None,None,3.0,70.03203536966245,5,15.507072351128597
Small,Arabica,Soy,Caramel,1.0,71.83716945956772,4,14.34592426204978
Large,Arabica,None,Hazelnut,3.0,75.89821760790699,2,14.279845729965077
,Arabica,None,Caramel,1.0,64.8410207516515,2,11.27487785815265
Large,Arabica,Soy,Hazelnut,3.0,77.15987634850778,2,15.010669117993272
Small,Arabica,None,Mocha,3.0,84.16296987899959,4,16.474486460767856
Small,Robusta,Whole,Mocha,1.0,82.80482789370477,5,17.07205071559213
Small,Arabica,Almond,Mocha,3.0,64.61699714081321,4,14.903523355742406
Small,Robusta,Soy,Mocha,1.0,64.47748409224421,1,10.354550028470051
Small,Arabica,None,Vanilla,3.0,unknown,1,10.731518744149412
Small,Liberica,Soy,Vanilla,2.0,70.83224179023111,2,12.623523135408055
Small,Robusta,Whole,None,3.0,72.25366744225448,3,13.829140980313474
,Liberica,Soy,Caramel,1.0,80.39091650500036,2,13.638252654705552
Large,Robusta,Soy,Hazelnut,3.0,61.700412964975065,3,14.570365102768896
Small,Liberica,None,Hazelnut,,61.04018112678199,4,13.286972690835958
Medium,Arabica,Whole,Vanilla,1.0,71.75731688831726,1,11.596599510493446
Medium,Arabica,Almond,Hazelnut,2.0,80.91491076413942,3,15.53447222500554
Large,Arabica,Almond,Vanilla,2.0,65.80306028869448,4,15.508035065611464
Small,Robusta,None,None,1.0,79.24513443768755,1,10.407288183932474
Large,Liberica,Soy,Caramel,3.0,67.79484413820899,3,14.805832221501232
Small,Arabica,None,None,1.0,86.58258326440549,2,12.577820985059212
Medium,Liberica,None,Mocha,1.0,86.8706983279985,2,14.00785654214023
Medium,Liberica,None,Mocha,,68.9186161284398,2,12.940605447993663
Medium,Arabica,,Mocha,,66.89981261889722,4,15.642797956027295
Medium,Arabica,Whole,None,3.0,72.33911916198694,2,12.952534867297821
Large,Liberica,None,Hazelnut,3.0,67.21594755540445,5,16.91464342137158
Small,Arabica,Soy,Caramel,,80.1715152987511,1,11.876145821016875
Small,Arabica,Whole,Mocha,,84.78194053644856,4,15.578742524609128
Large,Arabica,None,Mocha,2.0,80.19276392733651,2,14.375464308066997
Small,Robusta,Almond,Mocha,1.0,84.73051341748048,1,12.339966882122155
Medium,Liberica,Whole,Caramel,3.0,71.90976486622422,3,14.93535718371005
Small,Liberica,None,Mocha,2.0,unknown,2,11.314951192647808
Medium,Robusta,Whole,,3.0,82.13852842192776,1,13.54762086830202
,Liberica,Whole,Mocha,1.0,70.81423515424662,5,16.81581243698756
Small,Arabica,,None,2.0,80.13812475687398,3,14.090652890088577
Large,Liberica,Whole,None,3.0,68.11931825945297,5,16.513046121585337
Small,Arabica,Whole,Caramel,2.0,62.43688904420018,1,10.493598542339633
Medium,Robusta,,,2.0,89.7774538646329,5,17.64113414951641
Large,Arabica,None,Caramel,1.0,64.68604523791798,1,10.71805187277256
Small,Liberica,Almond,None,3.0,unknown,1,13.471145602081508
Medium,Liberica,,None,2.0,89.31839797699342,5,18.09118018311349
,Liberica,Whole,Caramel,2.0,83.81454311724119,1,13.584490900232204
Large,Robusta,Soy,Hazelnut,3.0,79.78268886245993,2,14.983307571061427
Small,Robusta,None,None,2.0,77.33421150753254,1,11.062538693188094
,Liberica,Whole,Mocha,2.0,85.98304636133504,4,16.50218088367311
Small,Arabica,Almond,Hazelnut,2.0,68.68318564858464,1,11.00425544521238
Medium,Robusta,,Caramel,3.0,74.03043637454631,4,16.459569602717934
Small,Liberica,Whole,Hazelnut,,78.58169908099507,1,12.753323341325569
Large,Liberica,None,Vanilla,3.0,72.33571427608473,1,12.674061677205088
Large,Robusta,Almond,Vanilla,3.0,72.82459362270804,5,17.663405258502245
Small,Robusta,Soy,None,1.0,69.90854002506254,2,10.755513239867053
Small,Robusta,Soy,None,2.0,76.92695450053608,2,12.648512221722646
Large,Arabica,Whole,,3.0,85.51723584045348,3,16.81003631938174
Medium,Arabica,Almond,Hazelnut,2.0,66.04585134018939,5,16.166450808497647
Small,Liberica,Almond,Vanilla,2.0,88.03299116260324,5,17.707599207087007
Small,Robusta,Almond,None,1.0,80.67262961244688,2,13.118306509988669
Large,Arabica,Almond,Hazelnut,3.0,84.6981963804009,5,19.308697515209335
Small,Robusta,None,None,3.0,unknown,2,12.714763873165278
Medium,Liberica,Almond,None,2.0,83.3855010427219,5,17.308418138798515
Large,Arabica,Soy,Vanilla,3.0,60.48601192018402,1,11.33054061224777
Small,Arabica,Soy,Vanilla,,84.55141274338605,bad,13.821089624979425
,Arabica,None,None,2.0,61.204165772561,2,11.467295665198879
Small,Liberica,,Caramel,1.0,86.69740129088588,4,15.989764481354916
Small,Robusta,Soy,None,1.0,89.7588824171593,5,16.95296007461465
,Arabica,Almond,None,1.0,unknown,bad,15.03505604085946
Medium,Liberica,Soy,Mocha,2.0,66.3095566885738,2,12.700932278606619
Medium,Robusta,None,Mocha,3.0,82.96090091574122,1,12.943288857984648
Large,Liberica,Almond,,1.0,67.5907902276076,1,11.856315981073147
Small,Robusta,Whole,Caramel,3.0,85.9668714951661,1,12.906812798452124
Small,Liberica,Almond,Caramel,1.0,63.0852777647243,5,14.59845628501559
Medium,Robusta,None,None,1.0,63.77865589138075,4,13.32570168807839
Small,Arabica,Almond,,2.0,89.37454665301847,2,14.738858719728919
Medium,Robusta,,Caramel,1.0,80.21516694810015,3,14.810037621795207
Small,Liberica,None,Vanilla,1.0,85.40661673286859,4,15.061571972335846
Large,Liberica,Almond,None,2.0,69.72988132054554,3,14.031405943919738
Small,Robusta,None,Hazelnut,3.0,80.29451248561813,4,16.076901899024513
Small,Arabica,None,None,1.0,77.82725481925792,1,10.163546688210968
Medium,Arabica,Whole,Hazelnut,2.0,78.09450360368841,5,17.361644628764196
Small,Robusta,Soy,Mocha,1.0,80.47597378613165,3,14.4780634462485
Small,Robusta,Soy,Hazelnut,2.0,77.26077519387296,4,16.11153859224514
Medium,Liberica,Almond,Mocha,3.0,72.87187107907998,5,17.503300157376287
Large,Arabica,Almond,Vanilla,3.0,68.2776808314164,3,15.179065754004862
Large,Robusta,Whole,Hazelnut,2.0,83.05743992739606,2,14.522931978622113
Medium,Arabica,Whole,None,2.0,66.78817290009559,4,14.510707538232282
,Robusta,Whole,Mocha,2.0,80.77062918463243,2,13.916273235517746
Medium,Robusta,None,None,3.0,66.9999846794798,1,10.961467591289573
,Arabica,Whole,Caramel,1.0,78.75990509863362,2,13.226440026215423
Medium,Robusta,Whole,Mocha,3.0,82.41234801387087,2,15.005317603343853
Large,Robusta,Almond,Hazelnut,2.0,66.56141666719617,4,15.681254537051634
Large,Liberica,Whole,Mocha,,61.79829902583925,1,11.60535116209629
Medium,Robusta,,,3.0,63.92921228982522,2,11.737019736323216
Small,Robusta,None,Vanilla,2.0,unknown,5,16.286329806211143
Medium,Robusta,,Mocha,3.0,85.48339218677206,3,16.411568440045365
,Liberica,Whole,Hazelnut,2.0,61.34990463706273,2,11.565855842807453
Medium,Arabica,Whole,Caramel,,82.02453777124938,1,12.399633983943604
Medium,Liberica,None,Vanilla,1.0,70.23955937850157,2,11.911426293425794
Large,Liberica,Whole,Caramel,2.0,74.35585109758567,3,15.083833159439912
Small,Arabica,Whole,Mocha,3.0,87.86578649536696,1,13.603479678675269
Small,Liberica,Whole,None,1.0,69.95914514207536,4,13.855513424129983
Large,Arabica,Soy,None,3.0,73.96010801818458,1,12.780712525027932
Large,Liberica,,Hazelnut,,unknown,4,15.030922579916485
Large,Arabica,Soy,,3.0,62.44796160014515,1,11.61855066013267
Large,Robusta,Almond,Vanilla,1.0,67.75774773404352,3,13.73850748798238
Small,Liberica,None,None,3.0,60.83556722463223,3,12.30112790009077
Small,Liberica,Whole,Hazelnut,3.0,78.94125978144753,1,12.918073735085327
Medium,Liberica,Almond,Mocha,2.0,72.79195070404867,2,13.096931692072365
Medium,Liberica,Soy,Mocha,2.0,76.44435608184065,3,14.963031457489945
Large,Robusta,Whole,None,2.0,65.23941557688988,4,14.630242335016927
Large,Liberica,None,Caramel,1.0,68.87796088309848,4,14.636043036722773
Large,Robusta,Almond,,,79.91473424558176,5,18.06164389069798
Medium,Robusta,Almond,None,2.0,88.959081708912,4,16.665172342763718
Medium,Robusta,Almond,Hazelnut,,61.51250320806628,5,15.889974934983018
,Robusta,Whole,None,1.0,86.71152962565799,1,12.286291950566817
Medium,Arabica,Soy,Mocha,,77.30643603933626,1,12.267761553193308
Medium,Arabica,,,1.0,76.91758700266871,1,12.163428983064845
Medium,Liberica,Almond,None,1.0,75.00835605623281,2,12.734109714757132
Medium,Arabica,None,Vanilla,2.0,62.0818225771255,2,11.71437739010537
Large,Arabica,None,,1.0,62.69630555208482,5,15.133988291262197
Large,Liberica,Soy,Vanilla,2.0,78.02736016977258,4,16.496842624275857
Large,Liberica,None,Caramel,3.0,70.22875714306674,4,15.810507294436336
Large,Liberica,Soy,Hazelnut,3.0,87.51804199733041,1,14.847676390418927
Medium,Arabica,Almond,Vanilla,1.0,72.19771612078416,3,13.394808200803594
Small,Arabica,Soy,Mocha,3.0,64.29844376107923,2,999.0
Medium,Liberica,Soy,Mocha,3.0,81.44156500506108,2,14.85036171948495
Small,Robusta,Almond,Caramel,3.0,68.80060264323029,1,11.809835625106567
Large,Liberica,None,Hazelnut,1.0,75.7641092206768,2,13.51272446535151
Medium,Robusta,,Hazelnut,1.0,80.93498356515511,1,13.062229167078035
Large,Robusta,Soy,Hazelnut,3.0,87.0079233360621,5,19.674941662523892
Medium,Liberica,,Caramel,2.0,83.76573584405028,4,17.066336203699354
Large,Liberica,None,Hazelnut,3.0,80.29083203618173,3,15.95522120851105
Small,Liberica,Soy,,1.0,80.38899547185432,4,15.51059439651204
Small,Arabica,Almond,Vanilla,1.0,88.3777393209626,4,16.14261484329528
Small,Robusta,Soy,Mocha,1.0,unknown,5,15.422249894146699
Medium,Arabica,Whole,Mocha,3.0,60.033362825885625,2,12.365933462648664
Small,Arabica,Almond,,2.0,unknown,3,13.245752485325998
,Liberica,None,Mocha,1.0,66.53674138880231,2,11.738499848743226
Small,Arabica,None,Caramel,1.0,79.85503755341995,4,14.548570239896717
Small,Liberica,None,Vanilla,3.0,79.01134799296587,1,12.139318104125328
Medium,Robusta,None,Mocha,2.0,77.80384148114172,4,999.0
Medium,Liberica,,None,3.0,60.48730329628361,2,11.978117389305698
Small,Arabica,Soy,Mocha,1.0,81.86334163351943,4,15.581907849347942
Medium,Arabica,None,Caramel,2.0,69.70591237456475,1,11.885963311492574
Small,Liberica,None,Hazelnut,2.0,79.95167967019893,5,17.067191147055954
Medium,Liberica,None,Mocha,1.0,unknown,2,12.520826785489513
Large,Arabica,,Hazelnut,2.0,70.28192776283721,4,16.1747663937691
,Robusta,,None,2.0,64.03728801312323,2,11.682127572724857
Large,Robusta,None,Mocha,3.0,62.832566929814426,5,16.28036074763996
,Liberica,Whole,Vanilla,1.0,84.94554999336671,4,16.426540585111884
Large,Robusta,Whole,Hazelnut,1.0,unknown,4,17.341635964396527
Small,Arabica,None,None,1.0,79.49364140292899,2,11.713088093278985
Large,Liberica,Almond,Vanilla,1.0,63.1030234458145,2,12.50386754938649
Large,Arabica,None,Vanilla,1.0,72.06081650664723,1,11.60483809357081
Large,Arabica,Whole,Vanilla,2.0,unknown,5,18.36160047735776
Large,Robusta,,Vanilla,3.0,unknown,1,13.968985298815383
,Liberica,Almond,Mocha,1.0,63.54655866873266,4,14.549728989011667
Small,Liberica,None,Mocha,3.0,60.00092156536147,2,11.726582999864608
Large,Robusta,Whole,Mocha,3.0,81.36411137641815,4,17.44157550262102
Large,Arabica,Whole,None,2.0,70.69788527958617,4,15.115434136480044
Large,Arabica,Almond,,1.0,67.63443994854781,3,13.785348128009975
Small,Arabica,None,None,2.0,60.386924093685764,3,11.684191584514988
Medium,Arabica,Soy,Caramel,1.0,76.208982202845,4,15.648091770426847
,Liberica,Soy,None,2.0,85.53452206277944,2,13.289037003912359
Medium,Liberica,,Mocha,3.0,88.72894938817764,4,17.52903804551332
Large,Robusta,Soy,Mocha,1.0,76.97234851839868,3,14.883344896941445
Large,Robusta,Whole,Caramel,3.0,75.43383983219682,2,14.418579705741685
Small,Liberica,Whole,Caramel,,62.551691564677235,4,14.342325155104254
Small,Liberica,Whole,None,2.0,76.46618404627799,5,16.04464944289772
Medium,Arabica,Soy,Hazelnut,1.0,71.39937236896183,5,16.102236199282483
Medium,Arabica,Whole,,,78.21405842650731,4,16.397396358156755
,Robusta,Almond,Vanilla,2.0,71.6617904362964,2,12.800361293285015
Medium,Liberica,None,Mocha,1.0,67.208973703511,4,14.341655474406679
Small,Robusta,None,Vanilla,1.0,62.8489582568513,4,13.006520472607757
Medium,Liberica,Whole,Mocha,3.0,69.44755333766687,3,14.441202471951296
Small,Arabica,None,Mocha,1.0,62.89934502863257,5,14.284453792558054
Small,Robusta,,Caramel,3.0,65.30690852471952,3,13.656037203283688
Small,Robusta,,Caramel,1.0,89.62008475738638,3,15.290912174067696
Medium,Liberica,None,Vanilla,2.0,unknown,4,15.317959808988721
,Arabica,,,3.0,75.95615299515049,3,15.296308952418654
Medium,Robusta,None,Vanilla,3.0,86.20855586211647,5,17.89015710101469
Small,Arabica,None,Hazelnut,1.0,89.86706701472063,3,14.94027542904533
Medium,Robusta,None,Vanilla,1.0,77.48143348034044,5,16.083436353908876
Medium,Arabica,Whole,None,3.0,84.37421463132515,3,15.333770935360274
Small,Liberica,None,Vanilla,1.0,69.80823073010026,5,15.245878291097434
Large,Robusta,Whole,None,2.0,69.17231872341873,3,14.082654958055027
Small,Robusta,None,None,1.0,72.08111162983681,3,12.339706025433973
Medium,Arabica,None,None,2.0,80.17521788020947,2,12.663137987798404
Small,Arabica,None,Hazelnut,2.0,80.46575067765296,5,16.888854381259428
Large,Robusta,Soy,Vanilla,2.0,69.45718303948352,5,17.15824976210586
Small,Liberica,Whole,Vanilla,2.0,63.99629772409886,5,15.22450303925678
Medium,Arabica,Whole,Hazelnut,2.0,78.97188769396526,1,13.067411587393869
Large,Arabica,,Mocha,1.0,63.849775865662934,3,13.443526644469934
Medium,Arabica,None,,2.0,77.35477524687991,5,17.168224091116688
Large,Robusta,Soy,Vanilla,1.0,80.80266384168927,1,12.841315009475197
Large,Robusta,,Caramel,2.0,81.01834489183355,2,14.719312829144558
Small,Robusta,Soy,Hazelnut,3.0,82.6041633197879,5,18.343253789645008
Small,Robusta,Whole,,2.0,86.18578264696994,5,17.808057052110787
Medium,Liberica,Whole,Mocha,3.0,unknown,1,12.699630154336322
Small,Liberica,Whole,Mocha,2.0,81.90747568588714,3,14.80103900128314
,Robusta,None,Hazelnut,2.0,78.5751820609751,2,13.105229196852259
Large,Liberica,Whole,None,2.0,65.59919819393048,5,15.701807535003805
Small,Arabica,Almond,None,3.0,60.77068934608224,3,12.748417151535385
Large,Arabica,Almond,Caramel,3.0,68.53624157030801,2,14.172933580676851
Large,Arabica,,None,2.0,73.29101119012859,4,15.190850348779803
Large,Robusta,,None,1.0,78.5131783328597,4,15.858214253644872
Medium,Arabica,Almond,Mocha,2.0,85.49877991509616,2,14.974352835250247
Medium,Liberica,Soy,Mocha,3.0,65.88737150118497,1,11.8967842269524
Medium,Robusta,Whole,Caramel,2.0,63.76649369695431,2,12.385327535269795
Large,Liberica,None,Vanilla,3.0,88.90439842422983,2,15.29106938780425
Medium,Arabica,Almond,,3.0,63.24133678129221,1,11.970131751816957
Medium,Arabica,None,,3.0,74.35473210321567,1,12.432009838875555
Small,Arabica,Whole,Hazelnut,2.0,77.56691186379905,3,999.0
,Robusta,Almond,Hazelnut,3.0,76.24123262722316,3,15.741575745415151
Medium,Liberica,Whole,Caramel,3.0,62.5809647109883,1,11.416970900370181
Large,Robusta,None,Caramel,2.0,61.71080742010858,bad,14.587647256114478
Large,Robusta,Almond,Caramel,3.0,63.16450282383107,4,15.670815902189144
Large,Arabica,None,None,2.0,77.56763051617838,2,13.506390465442006
,Robusta,Whole,Hazelnut,3.0,76.33034662902963,5,18.54104702688348
,Robusta,,Caramel,1.0,unknown,2,12.453268143315642
Large,Arabica,None,Mocha,1.0,79.13322425536775,2,13.24640030415473
Medium,Robusta,Almond,Mocha,3.0,84.60202506166948,5,18.683067979971383
Large,Arabica,None,,1.0,61.24736879539781,1,9.911637408758041
Large,Arabica,Whole,None,2.0,74.94389830644127,4,15.742430999433374
Small,Arabica,None,Vanilla,1.0,80.67931236308071,2,12.71855780126172
Medium,Arabica,Whole,Vanilla,,67.56935781209062,5,16.814919725645233
Medium,Robusta,None,Vanilla,3.0,69.23312715879447,3,14.217226521030028
,Arabica,Almond,None,,78.40913708968151,2,13.40628478909024
Large,Arabica,Almond,None,3.0,86.9380588033121,4,17.315946134289014
Large,Robusta,None,None,2.0,84.29773260908698,1,12.590633554679318
Large,Robusta,None,,1.0,77.4939065729875,2,13.561408605280484
Small,Liberica,Almond,None,1.0,81.90665153271748,2,12.680360567566819
Large,Robusta,Whole,Mocha,2.0,70.94467410623396,5,17.295085484348142
Small,Robusta,Almond,Vanilla,2.0,79.22896584296274,3,14.559146921247049
,Liberica,Whole,Vanilla,3.0,73.9854477338267,3,14.692582403674303
Large,Robusta,None,Vanilla,1.0,65.69808409372683,1,10.74513959656346
Small,Robusta,None,Caramel,2.0,81.05214821631772,4,15.567024310238304
Small,Robusta,Whole,Caramel,1.0,76.69393912046466,1,11.238256368154177
Large,Robusta,None,Hazelnut,2.0,70.75864745860774,2,13.228722496889441
Medium,Liberica,Whole,Hazelnut,1.0,unknown,2,14.146124921838696
Medium,Robusta,Soy,Hazelnut,3.0,60.628023534802,3,14.18665133699302
Medium,Robusta,Almond,Caramel,1.0,69.47319453748489,4,14.888428302230881
Small,Liberica,Soy,Caramel,1.0,61.706441933329394,5,15.061195302358175
Small,Arabica,Whole,Hazelnut,1.0,82.99581948664881,4,16.105331518773063
Small,Liberica,Almond,Hazelnut,1.0,81.06322362341378,2,13.390113169397031
Small,Arabica,Whole,None,1.0,69.94056656208951,5,14.692366909699482
Medium,Liberica,Almond,Hazelnut,3.0,80.26988706621219,4,16.80980913107455
Large,Liberica,Almond,None,,71.87811678587849,4,15.293404263982492
Small,Robusta,Almond,Mocha,1.0,82.68761374267302,5,16.79399440928757
Small,Arabica,Almond,Caramel,3.0,73.62550988210118,2,13.738244913702419
Medium,Robusta,,Hazelnut,1.0,72.36839183494996,4,15.260004100940387
Large,Arabica,Almond,Caramel,1.0,88.04189746464903,5,18.582110651283305
Large,Liberica,Almond,Caramel,2.0,67.52637299672101,2,12.908553097885076
Medium,Liberica,,Caramel,1.0,63.613420199896964,5,15.221748734146242
Medium,Arabica,,Mocha,3.0,unknown,5,17.631045295067633
Large,Robusta,None,Vanilla,3.0,89.07965436852537,4,17.76532025932905
Small,Robusta,Soy,Hazelnut,2.0,71.3351764118156,2,12.80407658544444
Large,Robusta,Soy,Vanilla,1.0,61.861102908863444,4,14.59907876260637
Medium,Robusta,Whole,Vanilla,3.0,70.17915801928703,1,12.445075363155865
,Liberica,Whole,Vanilla,,75.17794962958675,1,11.073586470251264
Small,Liberica,Whole,Caramel,1.0,64.85769019896641,2,11.399642980428254
Medium,Liberica,Soy,None,1.0,79.74306654169476,5,16.512826037915737
Medium,Liberica,Soy,Caramel,2.0,89.93248167030602,4,17.871670094085403
Medium,Liberica,Almond,Caramel,1.0,73.55218427944331,4,14.935347175060524
Large,Robusta,Whole,,3.0,70.64185670190638,2,14.000830273148402
Large,Robusta,Whole,Caramel,1.0,72.021125005034,2,13.079152050751588
Small,Robusta,Whole,Vanilla,3.0,63.45438535185603,1,11.05879288042244
Medium,Robusta,None,None,1.0,86.49820804278671,3,14.118346293479727
Small,Liberica,Almond,Hazelnut,3.0,unknown,2,13.534683960392368
Small,Liberica,Whole,Vanilla,3.0,71.61823234274524,3,14.304105350167625
Small,Liberica,Whole,None,1.0,79.79070818791423,2,12.901652859000194
Small,Arabica,Whole,Hazelnut,1.0,73.2610026279337,5,16.187707500673785
Medium,Robusta,None,Mocha,3.0,79.44700406423539,5,17.475087286817438
,Robusta,None,Vanilla,2.0,61.84338870392362,1,9.799586933987822
,Liberica,Soy,,1.0,84.41170031166682,1,12.550487209489912
Medium,Robusta,Almond,Mocha,2.0,88.21511858638208,3,15.862383224112206
Large,Robusta,Soy,Mocha,1.0,79.46296158478158,2,13.980278120137871
Medium,Liberica,Almond,,1.0,88.63697786576432,4,999.0
Large,Arabica,None,Mocha,1.0,64.5429694310989,1,10.59945051929453
Medium,Arabica,Whole,Caramel,1.0,74.32248568441061,4,15.44194509865118
Medium,Arabica,Soy,Hazelnut,2.0,78.05420201836341,4,16.50297516605321
Medium,Liberica,Whole,Hazelnut,1.0,unknown,2,13.198363277869355
Large,Robusta,Soy,Hazelnut,3.0,72.0438533726713,3,15.576079409799561
Large,Liberica,None,Caramel,3.0,70.14253228098784,2,13.83391758962699
Small,Liberica,None,Mocha,2.0,63.80472067651257,1,10.427181630352429
,Liberica,,None,1.0,84.13483927295468,4,15.749734159815878
Medium,Robusta,None,Hazelnut,1.0,75.83032398665085,3,13.947956707485348
Small,Liberica,None,Mocha,2.0,66.37341831586419,4,13.858442817814566
Small,Arabica,None,Caramel,1.0,79.85503755341995,4,14.548570239896717
Small,Arabica,None,Caramel,3.0,87.97664635257937,1,13.100494488251087
Small,Arabica,Almond,Hazelnut,3.0,69.63486457907861,4,15.766875761057538
Medium,Arabica,Soy,None,1.0,66.44737911109188,5,14.762409800978837
Medium,Robusta,None,Mocha,2.0,77.80384148114172,4,15.773118026505704
Large,Liberica,Almond,,1.0,67.5907902276076,1,11.856315981073147
Medium,Liberica,Whole,None,2.0,65.1212508993744,4,14.074869262786423
,Arabica,None,None,2.0,61.204165772561,2,11.467295665198879
Small,Arabica,Whole,Caramel,2.0,65.09643018152207,2,11.78306696317525
Small,Liberica,,Caramel,3.0,unknown,5,16.521610591053214
Small,Arabica,,Mocha,3.0,65.7182949922335,1,11.548058843386023
Large,Arabica,None,Hazelnut,,79.63026016478159,5,18.25094527063878
Small,Arabica,Almond,Vanilla,2.0,69.73535400526026,2,12.487991193602884
Small,Liberica,Soy,,1.0,unknown,1,11.474569747534009
Large,Liberica,Whole,None,2.0,89.96677836099872,5,18.31902922539556
,Robusta,Almond,Caramel,3.0,61.21052480579099,3,14.497314403032055
Small,Arabica,Almond,Caramel,3.0,73.62550988210118,2,13.738244913702419
,Liberica,Whole,Vanilla,,75.17794962958675,1,11.073586470251264
Small,Liberica,Whole,Vanilla,3.0,71.61823234274524,3,14.304105350167625
Large,Arabica,Almond,,3.0,unknown,1,12.782154694228968
Large,Liberica,Soy,Vanilla,1.0,83.74674607774111,5,17.677675982610708
Small,Arabica,Soy,Vanilla,1.0,67.01438499279192,3,13.095645437442613
Medium,Liberica,Whole,,1.0,62.55310458359356,2,11.743806907758263
Large,Liberica,,Vanilla,1.0,77.305721433981,1,12.151006130112975
Medium,Robusta,Almond,Hazelnut,1.0,87.87434151635063,3,15.343764599624846
Medium,Arabica,Whole,None,3.0,84.37421463132515,3,15.333770935360274
Large,Arabica,Soy,Vanilla,3.0,60.48601192018402,1,11.33054061224777
Medium,Arabica,Whole,,,78.21405842650731,4,16.397396358156755
Small,Liberica,Soy,,1.0,80.38899547185432,4,15.51059439651204
Small,Arabica,None,,1.0,72.5582182475499,1,10.344803951119651
Large,Robusta,Almond,Hazelnut,2.0,67.93905080776072,4,16.04252977247865
Small,Robusta,Soy,Hazelnut,1.0,77.32895263033268,1,11.81500528009879
Large,Liberica,Whole,None,3.0,68.11931825945297,5,16.513046121585337
,Robusta,None,Hazelnut,2.0,77.7852054152433,1,12.343412262394834
Medium,Robusta,Soy,Hazelnut,3.0,60.628023534802,3,14.18665133699302
Medium,Arabica,Almond,Caramel,1.0,73.47116303790378,4,15.17125974730798
,Robusta,None,Vanilla,2.0,70.65959245421664,2,12.939531927641355
Large,Liberica,Whole,Caramel,,85.64922058684422,4,17.249097236757272
Medium,Liberica,None,Hazelnut,1.0,62.84753810465009,4,13.862591298409193
Large,Liberica,Almond,Caramel,2.0,73.73786983302084,2,14.047829361290432
Medium,Liberica,Soy,Vanilla,3.0,77.12632250518429,bad,14.207239906950472
Large,Robusta,Soy,Mocha,1.0,79.46296158478158,2,13.980278120137871
Small,Liberica,None,Hazelnut,3.0,69.41626490167411,bad,13.982312073524874
Large,Robusta,Soy,None,1.0,71.85777946293473,4,15.248116636148007
Medium,Robusta,Almond,Hazelnut,1.0,89.98673109751316,2,14.665303366361004
Medium,Liberica,,Hazelnut,3.0,64.83656435925367,bad,14.24776521751373
Small,Robusta,Soy,Mocha,1.0,unknown,5,15.422249894146699
Small,Liberica,Almond,Hazelnut,1.0,81.06322362341378,2,13.390113169397031
Large,Arabica,None,,1.0,62.69630555208482,5,15.133988291262197
Medium,Arabica,Soy,Caramel,1.0,68.14476007628134,3,13.41765230871117
Medium,Liberica,,Mocha,3.0,88.72894938817764,4,17.52903804551332
Small,Robusta,Whole,,2.0,86.18578264696994,5,17.808057052110787
Small,Liberica,None,Hazelnut,3.0,84.25217216681072,2,14.283589078758688
Medium,Arabica,Whole,Vanilla,1.0,87.99615263277919,1,12.453521659453028
Small,Robusta,None,Vanilla,1.0,65.63167217076756,3,12.39237324590517
Medium,Liberica,None,Mocha,1.0,65.63761142445969,3,12.879721439257715
Small,Arabica,Whole,None,3.0,78.41910918975698,5,16.72181577486136
Medium,Robusta,None,None,1.0,86.49820804278671,3,14.118346293479727
Large,Liberica,Soy,None,1.0,78.35493060309665,3,14.433870419987315
Medium,Arabica,Almond,Hazelnut,2.0,80.91491076413942,3,15.53447222500554
Small,Arabica,Whole,None,1.0,84.92847513165205,5,16.274981066879732
Small,Arabica,Soy,Caramel,,80.1715152987511,1,11.876145821016875
Large,Liberica,Whole,None,2.0,77.91465917970905,5,17.050520230848726
Large,Arabica,Soy,None,1.0,64.40765770751312,5,15.420509627011006
Medium,Liberica,Soy,Vanilla,3.0,77.12632250518429,bad,14.207239906950472
Large,Liberica,None,Caramel,1.0,65.50326589210303,bad,12.034513120837392
Small,Robusta,Soy,Caramel,3.0,86.22215319915556,2,14.667622215688533
